{
    "value0": {
        "cam.T_i_c": [
            {
                "px": 0.0,
                "py": 0.0,
                "pz": 0.0,
                "qx": 0.0,
                "qy": 0.0,
                "qz": 0.0,
                "qw": 1.0
            },
            {
                "px": 0.11002674958788135,
                "py": -0.00028913779866578283,
                "pz": 0.00024662504991969174,
                "qx": 0.007123658988065981,
                "qy": 0.0006289220699999877,
                "qz": 0.0010774952115908455,
                "qw": 0.9999738481299002
            }
        ],
        "cam.intrinsics": [
            {
                "cam_type": "ds",
                "fx": 351.0372832168726,
                "fy": 350.0074555977411,
                "cx": 365.8880973548214,
                "cy": 249.34573836993602,
                "p1": -0.23853128172698646,
                "p2": 0.5678694845290976,
                "p3": 0.0,
                "p4": 0.0,
                "width": 752,
                "height": 480
            },
            {
                "cam_type": "ds",
                "fx": 362.95328870306136,
                "fy": 361.85685537440926,
                "cx": 379.35501913798887,
                "cy": 256.0392416777184,
                "p1": -0.2106378372305583,
                "p2": 0.5776109411992806,
                "p3": 0.0,
                "p4": 0.0,
                "width": 752,
                "height": 480
            }
        ]
    }
}