{
    "value0": {
        "cam.T_i_c": [
            {
                "px": 0.0,
                "py": 0.0,
                "pz": 0.0,
                "qx": 0.0,
                "qy": 0.0,
                "qz": 0.0,
                "qw": 1.0
            },
            {
                "px": 0.11002631815223617,
                "py": -0.0002890896437821985,
                "pz": 0.00024618114440037365,
                "qx": 0.00712359535070245,
                "qy": 0.0006300007991471547,
                "qz": 0.0010774305748141506,
                "qw": 0.9999738479738504
            }
        ],
        "cam.intrinsics": [
            {
                "cam_type": "eucm",
                "fx": 460.9794986620863,
                "fy": 459.62650958263296,
                "cx": 365.8867492896417,
                "cy": 249.34648604420407,
                "p1": 0.5916648096407779,
                "p2": 1.12411253994413,
                "p3": 0.0,
                "p4": 0.0,
                "width": 752,
                "height": 480
            },
            {
                "cam_type": "eucm",
                "fx": 459.79606434876208,
                "fy": 458.40630958578478,
                "cx": 379.3544250501395,
                "cy": 256.04009949802289,
                "p1": 0.606083901093855,
                "p2": 1.0883509197303803,
                "p3": 0.0,
                "p4": 0.0,
                "width": 752,
                "height": 480
            }
        ]
    }
}